strategy,symbol,asset,start_date,end_date,trading_days,years,total_return,cagr,volatility_ann,sharpe,max_drawdown,final_equity,bnh_total_return,bnh_cagr,bnh_volatility_ann,bnh_sharpe,bnh_max_drawdown,delta_total_return,delta_cagr,delta_volatility,delta_sharpe,delta_max_drawdown,beats_total_return,beats_cagr,beats_volatility,beats_sharpe,beats_max_drawdown,composite_score
bollinger_band_reversion,^GSPC,S&P 500,2006-05-22,2026-06-15,5048,20.0,91.18,3.28,13.55,0.306,-29.52,191184.4,488.54,9.24,19.52,0.551,-56.78,-397.35,-5.95,5.97,-0.245,27.25,False,False,True,False,True,4.6
bollinger_band_reversion,^IXIC,Nasdaq,2006-05-22,2026-06-15,5048,20.0,108.56,3.73,15.0,0.32,-37.78,208559.99,1090.86,13.14,22.15,0.669,-55.63,-982.3,-9.41,7.15,-0.35,17.85,False,False,True,False,True,4.4
bollinger_band_reversion,GLD,Gold ETF,2006-05-22,2026-06-15,5048,20.0,72.0,2.74,9.14,0.342,-20.34,172004.08,491.65,9.26,18.23,0.578,-45.56,-419.65,-6.52,9.1,-0.236,25.21,False,False,True,False,True,6.8
bollinger_band_reversion,SLV,Silver ETF,2006-05-22,2026-06-15,5048,20.0,-19.31,-1.06,15.81,0.012,-62.67,80690.63,389.5,8.24,33.17,0.408,-76.28,-408.81,-9.3,17.36,-0.396,13.61,False,False,True,False,True,4.2
bollinger_band_reversion,BTC-USD,Bitcoin,2014-09-17,2026-06-16,4291,17.0,-44.97,-4.96,32.67,0.061,-77.65,55031.84,14416.09,52.78,55.37,0.807,-83.4,-14461.06,-57.74,22.7,-0.746,5.75,False,False,True,False,True,4.2
buy_and_hold,^GSPC,S&P 500,2006-05-22,2026-06-15,5048,20.0,488.54,9.24,19.52,0.551,-56.78,588535.37,488.54,9.24,19.52,0.551,-56.78,0.0,0.0,0.0,0.0,0.0,False,False,False,False,False,7.4
buy_and_hold,^IXIC,Nasdaq,2006-05-22,2026-06-15,5048,20.0,1090.86,13.14,22.15,0.669,-55.63,1190864.1,1090.86,13.14,22.15,0.669,-55.63,0.0,0.0,0.0,0.0,0.0,False,False,False,False,False,7.2
buy_and_hold,GLD,Gold ETF,2006-05-22,2026-06-15,5048,20.0,491.65,9.26,18.23,0.578,-45.56,591653.7,491.65,9.26,18.23,0.578,-45.56,0.0,0.0,0.0,0.0,0.0,False,False,False,False,False,7.4
buy_and_hold,SLV,Silver ETF,2006-05-22,2026-06-15,5048,20.0,389.5,8.24,33.17,0.408,-76.28,489497.4,389.5,8.24,33.17,0.408,-76.28,0.0,0.0,0.0,0.0,0.0,False,False,False,False,False,6.4
buy_and_hold,BTC-USD,Bitcoin,2014-09-17,2026-06-16,4291,17.0,14416.09,52.78,55.37,0.807,-83.4,14516087.07,14416.09,52.78,55.37,0.807,-83.4,0.0,0.0,0.0,0.0,0.0,False,False,False,False,False,4.4
custom_triad_conviction,^GSPC,S&P 500,2006-05-22,2026-06-15,5048,20.0,160.18,4.88,10.39,0.511,-21.31,260176.22,488.54,9.24,19.52,0.551,-56.78,-328.36,-4.35,9.13,-0.04,35.46,False,False,True,False,True,8.4
custom_triad_conviction,^IXIC,Nasdaq,2006-05-22,2026-06-15,5048,20.0,412.39,8.48,13.05,0.691,-24.75,512393.79,1090.86,13.14,22.15,0.669,-55.63,-678.47,-4.66,9.1,0.021,30.88,False,False,True,True,True,10.4
custom_triad_conviction,GLD,Gold ETF,2006-05-22,2026-06-15,5048,20.0,202.05,5.66,13.73,0.471,-28.01,302051.69,491.65,9.26,18.23,0.578,-45.56,-289.6,-3.6,4.5,-0.107,17.54,False,False,True,False,True,9.0
custom_triad_conviction,SLV,Silver ETF,2006-05-22,2026-06-15,5048,20.0,396.04,8.31,23.3,0.462,-49.0,496040.61,389.5,8.24,33.17,0.408,-76.28,6.54,0.07,9.86,0.055,27.28,True,True,True,True,True,10.2
custom_triad_conviction,BTC-USD,Bitcoin,2014-09-17,2026-06-16,4291,17.0,30196.9,62.65,40.54,1.03,-51.34,30296896.69,14416.09,52.78,55.37,0.807,-83.4,15780.81,9.88,14.83,0.222,32.05,True,True,True,True,True,9.2
donchian_breakout,^GSPC,S&P 500,2006-05-22,2026-06-15,5048,20.0,222.22,6.0,10.7,0.6,-29.76,322215.32,488.54,9.24,19.52,0.551,-56.78,-266.32,-3.23,8.82,0.048,27.01,False,False,True,True,True,9.4
donchian_breakout,^IXIC,Nasdaq,2006-05-22,2026-06-15,5048,20.0,422.23,8.59,13.25,0.689,-25.82,522225.76,1090.86,13.14,22.15,0.669,-55.63,-668.64,-4.55,8.91,0.02,29.81,False,False,True,True,True,10.2
donchian_breakout,GLD,Gold ETF,2006-05-22,2026-06-15,5048,20.0,120.36,4.02,14.15,0.35,-29.35,220362.22,491.65,9.26,18.23,0.578,-45.56,-371.29,-5.25,4.08,-0.228,16.21,False,False,True,False,True,5.2
donchian_breakout,SLV,Silver ETF,2006-05-22,2026-06-15,5048,20.0,125.79,4.14,24.55,0.291,-64.87,225790.78,389.5,8.24,33.17,0.408,-76.28,-263.71,-4.09,8.61,-0.117,11.41,False,False,True,False,True,4.6
donchian_breakout,BTC-USD,Bitcoin,2014-09-17,2026-06-16,4291,17.0,18081.18,55.73,40.09,0.962,-61.73,18181177.16,14416.09,52.78,55.37,0.807,-83.4,3665.09,2.96,15.28,0.155,21.67,True,True,True,True,True,8.2
ema_crossover,^GSPC,S&P 500,2006-05-22,2026-06-15,5048,20.0,239.78,6.29,13.65,0.516,-30.0,339780.18,488.54,9.24,19.52,0.551,-56.78,-248.76,-2.95,5.87,-0.035,26.78,False,False,True,False,True,8.4
ema_crossover,^IXIC,Nasdaq,2006-05-22,2026-06-15,5048,20.0,519.15,9.51,16.2,0.643,-30.12,619146.81,1090.86,13.14,22.15,0.669,-55.63,-571.72,-3.63,5.95,-0.026,25.51,False,False,True,False,True,8.8
ema_crossover,GLD,Gold ETF,2006-05-22,2026-06-15,5048,20.0,336.28,7.62,14.44,0.582,-31.56,436277.4,491.65,9.26,18.23,0.578,-45.56,-155.38,-1.65,3.79,0.004,13.99,False,False,True,True,True,8.6
ema_crossover,SLV,Silver ETF,2006-05-22,2026-06-15,5048,20.0,194.05,5.52,25.79,0.341,-68.69,294049.26,389.5,8.24,33.17,0.408,-76.28,-195.45,-2.71,7.38,-0.067,7.59,False,False,True,False,True,5.8
ema_crossover,BTC-USD,Bitcoin,2014-09-17,2026-06-16,4291,17.0,16132.19,54.24,45.5,0.886,-76.53,16232185.65,14416.09,52.78,55.37,0.807,-83.4,1716.1,1.46,9.87,0.079,6.87,True,True,True,True,True,6.0
fibonacci_retracement,^GSPC,S&P 500,2006-05-22,2026-06-15,5048,20.0,17.36,0.8,13.96,0.127,-45.71,117359.42,488.54,9.24,19.52,0.551,-56.78,-471.18,-8.43,5.56,-0.424,11.07,False,False,True,False,True,2.0
fibonacci_retracement,^IXIC,Nasdaq,2006-05-22,2026-06-15,5048,20.0,72.68,2.76,15.99,0.251,-41.79,172684.76,1090.86,13.14,22.15,0.669,-55.63,-1018.18,-10.38,6.16,-0.419,13.84,False,False,True,False,True,2.8
fibonacci_retracement,GLD,Gold ETF,2006-05-22,2026-06-15,5048,20.0,65.63,2.55,11.15,0.281,-37.38,165630.3,491.65,9.26,18.23,0.578,-45.56,-426.02,-6.72,7.08,-0.297,8.17,False,False,True,False,True,2.8
fibonacci_retracement,SLV,Silver ETF,2006-05-22,2026-06-15,5048,20.0,107.15,3.7,21.66,0.277,-60.52,207145.79,389.5,8.24,33.17,0.408,-76.28,-282.35,-4.54,11.5,-0.131,15.76,False,False,True,False,True,4.8
fibonacci_retracement,BTC-USD,Bitcoin,2014-09-17,2026-06-16,4291,17.0,-46.8,-5.23,37.02,0.089,-86.2,53196.36,14416.09,52.78,55.37,0.807,-83.4,-14462.89,-58.01,18.35,-0.719,-2.8,False,False,True,False,False,2.6
macd_crossover,^GSPC,S&P 500,2006-05-22,2026-06-15,5048,20.0,108.28,3.72,11.35,0.379,-24.72,208276.92,488.54,9.24,19.52,0.551,-56.78,-380.26,-5.51,8.17,-0.172,32.05,False,False,True,False,True,6.6
macd_crossover,^IXIC,Nasdaq,2006-05-22,2026-06-15,5048,20.0,178.11,5.23,13.32,0.45,-33.28,278113.31,1090.86,13.14,22.15,0.669,-55.63,-912.75,-7.91,8.84,-0.219,22.35,False,False,True,False,True,5.8
macd_crossover,GLD,Gold ETF,2006-05-22,2026-06-15,5048,20.0,173.8,5.15,12.87,0.455,-22.4,273801.64,491.65,9.26,18.23,0.578,-45.56,-317.85,-4.12,5.36,-0.123,23.16,False,False,True,False,True,8.6
macd_crossover,SLV,Silver ETF,2006-05-22,2026-06-15,5048,20.0,271.35,6.76,23.92,0.396,-46.64,371353.85,389.5,8.24,33.17,0.408,-76.28,-118.14,-1.48,9.25,-0.012,29.64,False,False,True,False,True,8.8
macd_crossover,BTC-USD,Bitcoin,2014-09-17,2026-06-16,4291,17.0,35584.25,64.94,37.55,1.105,-49.98,35684246.13,14416.09,52.78,55.37,0.807,-83.4,21168.16,12.16,17.82,0.298,33.42,True,True,True,True,True,10.6
mean_reversion_zscore,^GSPC,S&P 500,2006-05-22,2026-06-15,5048,20.0,89.67,3.24,14.28,0.295,-33.28,189669.72,488.54,9.24,19.52,0.551,-56.78,-398.87,-5.99,5.24,-0.256,23.49,False,False,True,False,True,2.6
mean_reversion_zscore,^IXIC,Nasdaq,2006-05-22,2026-06-15,5048,20.0,43.59,1.82,15.88,0.193,-39.77,143585.81,1090.86,13.14,22.15,0.669,-55.63,-1047.28,-11.32,6.28,-0.476,15.86,False,False,True,False,True,2.8
mean_reversion_zscore,GLD,Gold ETF,2006-05-22,2026-06-15,5048,20.0,69.69,2.67,10.12,0.311,-23.41,169689.19,491.65,9.26,18.23,0.578,-45.56,-421.96,-6.59,8.11,-0.267,22.15,False,False,True,False,True,5.4
mean_reversion_zscore,SLV,Silver ETF,2006-05-22,2026-06-15,5048,20.0,12.32,0.58,18.17,0.123,-64.78,112321.18,389.5,8.24,33.17,0.408,-76.28,-377.18,-7.66,15.0,-0.284,11.5,False,False,True,False,True,4.4
mean_reversion_zscore,BTC-USD,Bitcoin,2014-09-17,2026-06-16,4291,17.0,-16.24,-1.5,34.83,0.149,-80.17,83762.31,14416.09,52.78,55.37,0.807,-83.4,-14432.32,-54.27,20.54,-0.658,3.23,False,False,True,False,True,4.6
momentum,^GSPC,S&P 500,2006-05-22,2026-06-15,5048,20.0,233.49,6.19,13.15,0.523,-25.45,333494.63,488.54,9.24,19.52,0.551,-56.78,-255.04,-3.05,6.38,-0.028,31.32,False,False,True,False,True,9.2
momentum,^IXIC,Nasdaq,2006-05-22,2026-06-15,5048,20.0,335.29,7.61,16.33,0.532,-41.46,435292.26,1090.86,13.14,22.15,0.669,-55.63,-755.57,-5.53,5.83,-0.137,14.17,False,False,True,False,True,5.8
momentum,GLD,Gold ETF,2006-05-22,2026-06-15,5048,20.0,188.62,5.42,15.05,0.427,-37.18,288615.29,491.65,9.26,18.23,0.578,-45.56,-303.04,-3.84,3.18,-0.151,8.38,False,False,True,False,True,6.2
momentum,SLV,Silver ETF,2006-05-22,2026-06-15,5048,20.0,404.19,8.4,25.82,0.445,-51.19,504189.21,389.5,8.24,33.17,0.408,-76.28,14.69,0.16,7.35,0.037,25.09,True,True,True,True,True,9.0
momentum,BTC-USD,Bitcoin,2014-09-17,2026-06-16,4291,17.0,48794.08,69.42,45.94,1.02,-70.67,48894081.19,14416.09,52.78,55.37,0.807,-83.4,34377.99,16.64,9.43,0.213,12.73,True,True,True,True,True,8.6
rsi_mean_reversion,^GSPC,S&P 500,2006-05-22,2026-06-15,5048,20.0,195.17,5.54,16.5,0.41,-52.58,295173.04,488.54,9.24,19.52,0.551,-56.78,-293.36,-3.69,3.02,-0.141,4.2,False,False,True,False,True,5.2
rsi_mean_reversion,^IXIC,Nasdaq,2006-05-22,2026-06-15,5048,20.0,330.77,7.55,17.86,0.498,-50.25,430772.87,1090.86,13.14,22.15,0.669,-55.63,-760.09,-5.59,4.3,-0.172,5.38,False,False,True,False,True,4.6
rsi_mean_reversion,GLD,Gold ETF,2006-05-22,2026-06-15,5048,20.0,75.95,2.86,10.99,0.312,-29.16,175949.66,491.65,9.26,18.23,0.578,-45.56,-415.7,-6.41,7.24,-0.267,16.39,False,False,True,False,True,5.8
rsi_mean_reversion,SLV,Silver ETF,2006-05-22,2026-06-15,5048,20.0,155.17,4.78,19.58,0.338,-42.64,255167.95,389.5,8.24,33.17,0.408,-76.28,-234.33,-3.46,13.59,-0.07,33.64,False,False,True,False,True,8.6
rsi_mean_reversion,BTC-USD,Bitcoin,2014-09-17,2026-06-16,4291,17.0,454.4,15.7,35.9,0.458,-64.46,554400.49,14416.09,52.78,55.37,0.807,-83.4,-13961.69,-37.08,19.47,-0.349,18.94,False,False,True,False,True,5.8
sma_crossover,^GSPC,S&P 500,2006-05-22,2026-06-15,5048,20.0,160.22,4.88,11.79,0.464,-30.42,260221.94,488.54,9.24,19.52,0.551,-56.78,-328.31,-4.35,7.73,-0.087,26.35,False,False,True,False,True,6.8
sma_crossover,^IXIC,Nasdaq,2006-05-22,2026-06-15,5048,20.0,291.85,7.04,14.48,0.544,-33.45,391847.79,1090.86,13.14,22.15,0.669,-55.63,-799.02,-6.1,7.68,-0.126,22.18,False,False,True,False,True,6.8
sma_crossover,GLD,Gold ETF,2006-05-22,2026-06-15,5048,20.0,169.05,5.06,13.9,0.425,-35.03,269048.18,491.65,9.26,18.23,0.578,-45.56,-322.61,-4.21,4.33,-0.153,10.53,False,False,True,False,True,6.0
sma_crossover,SLV,Silver ETF,2006-05-22,2026-06-15,5048,20.0,154.52,4.77,24.71,0.315,-66.55,254521.58,389.5,8.24,33.17,0.408,-76.28,-234.98,-3.47,8.46,-0.093,9.73,False,False,True,False,True,5.0
sma_crossover,BTC-USD,Bitcoin,2014-09-17,2026-06-16,4291,17.0,13527.08,51.96,40.53,0.914,-72.24,13627077.04,14416.09,52.78,55.37,0.807,-83.4,-889.01,-0.82,14.84,0.107,11.15,False,False,True,True,True,6.0
triple_sma,^GSPC,S&P 500,2006-05-22,2026-06-15,5048,20.0,93.56,3.35,9.15,0.406,-17.18,193563.2,488.54,9.24,19.52,0.551,-56.78,-394.97,-5.89,10.38,-0.145,39.6,False,False,True,False,True,7.4
triple_sma,^IXIC,Nasdaq,2006-05-22,2026-06-15,5048,20.0,243.69,6.35,11.43,0.597,-19.18,343686.46,1090.86,13.14,22.15,0.669,-55.63,-847.18,-6.79,10.72,-0.073,36.45,False,False,True,False,True,8.4
triple_sma,GLD,Gold ETF,2006-05-22,2026-06-15,5048,20.0,158.64,4.85,12.07,0.454,-37.33,258644.34,491.65,9.26,18.23,0.578,-45.56,-333.01,-4.41,6.16,-0.125,8.23,False,False,True,False,True,6.2
triple_sma,SLV,Silver ETF,2006-05-22,2026-06-15,5048,20.0,117.36,3.94,21.07,0.293,-49.23,217356.62,389.5,8.24,33.17,0.408,-76.28,-272.14,-4.29,12.1,-0.115,27.05,False,False,True,False,True,6.2
triple_sma,BTC-USD,Bitcoin,2014-09-17,2026-06-16,4291,17.0,12608.28,51.06,35.7,0.975,-55.12,12708280.43,14416.09,52.78,55.37,0.807,-83.4,-1807.81,-1.72,19.67,0.168,28.28,False,False,True,True,True,7.8
